full_name,owner,repo,stars,language,default_branch,contributors_count,created_at,idade_dias,idade_anos,total_releases_janela,total_runs_janela,deployment_frequency_semana,lead_time_release_mediana_dias,lead_time_commit_mediana_dias,cfr_ci_proxy,cfr_releases_proxy,tempo_recuperacao_mediana_horas,tier_dora_geral,tier_deployment_frequency,tier_lead_time,tier_cfr,tier_recovery_time
psf/black,psf,black,38400,Python,main,420,2018-03-14T00:00:00Z,3128,8.56,8,140,0.153,15.0,6.75,0.233,0.14,10.1,Medium,Low,Medium,High,High
tiangolo/fastapi,tiangolo,fastapi,76500,Python,master,650,2018-12-08T00:00:00Z,2859,7.83,12,220,0.23,10.0,4.5,0.04,0.024,2.1,Medium,Low,Medium,Elite,High
pydantic/pydantic,pydantic,pydantic,23100,Python,main,410,2017-06-01T00:00:00Z,3414,9.35,14,310,0.269,8.57,3.86,0.233,0.14,2.1,Medium,Medium,Medium,High,High
encode/httpx,encode,httpx,13900,Python,master,220,2019-02-10T00:00:00Z,2795,7.65,7,95,0.134,17.14,7.71,0.183,0.11,3.7,Medium,Low,Medium,High,High
encode/starlette,encode,starlette,10500,Python,master,180,2018-04-12T00:00:00Z,3099,8.48,6,85,0.115,20.0,9.0,0.183,0.11,10.1,Medium,Low,Medium,High,High
encode/uvicorn,encode,uvicorn,8200,Python,master,190,2017-06-25T00:00:00Z,3390,9.28,9,115,0.173,13.33,6.0,0.1,0.06,18.1,Medium,Low,Medium,Elite,High
pallets/flask,pallets,flask,68000,Python,main,720,2010-04-06T00:00:00Z,6027,16.5,5,78,0.096,24.0,10.8,0.04,0.024,0.5,High,Low,Medium,Elite,Elite
pallets/click,pallets,click,16000,Python,main,340,2014-04-20T00:00:00Z,4552,12.46,6,65,0.115,20.0,9.0,0.05,0.03,3.7,Medium,Low,Medium,Elite,High
pytest-dev/pytest,pytest-dev,pytest,12500,Python,main,580,2015-05-15T00:00:00Z,4162,11.39,16,410,0.307,7.5,3.38,0.083,0.05,3.7,Medium,Medium,Medium,Elite,High
scikit-learn/scikit-learn,scikit-learn,scikit-learn,59800,Python,main,2900,2010-08-17T00:00:00Z,5894,16.14,7,520,0.134,17.14,7.71,0.183,0.11,16.5,Medium,Low,Medium,High,High
pandas-dev/pandas,pandas-dev,pandas,44100,Python,main,3300,2010-08-24T00:00:00Z,5887,16.12,9,650,0.173,13.33,6.0,0.04,0.024,10.1,Medium,Low,Medium,Elite,High
numpy/numpy,numpy,numpy,27800,Python,main,1700,2010-10-21T00:00:00Z,5829,15.96,11,480,0.211,10.91,4.91,0.083,0.05,16.5,Medium,Low,Medium,Elite,High
django/django,django,django,81200,Python,main,2600,2012-04-26T00:00:00Z,5276,14.44,10,390,0.192,12.0,5.4,0.133,0.08,6.9,Medium,Low,Medium,Elite,High
tornadoweb/tornado,tornadoweb,tornado,21500,Python,master,410,2009-09-08T00:00:00Z,6237,17.08,5,60,0.096,24.0,10.8,0.2,0.12,2.1,Medium,Low,Medium,High,High
sqlfluff/sqlfluff,sqlfluff,sqlfluff,8900,Python,main,380,2019-07-28T00:00:00Z,2627,7.19,15,280,0.288,8.0,3.6,0.15,0.09,16.5,Medium,Medium,Medium,Elite,High
astral-sh/ruff,astral-sh,ruff,34500,Rust,main,520,2022-08-14T00:00:00Z,1514,4.15,45,920,0.863,2.67,1.2,0.117,0.07,13.3,High,Medium,High,Elite,High
astral-sh/uv,astral-sh,uv,31200,Rust,main,310,2023-11-20T00:00:00Z,1051,2.88,38,750,0.729,3.16,1.42,0.083,0.05,18.1,High,Medium,High,Elite,High
BurntSushi/ripgrep,BurntSushi,ripgrep,49100,Rust,master,240,2016-09-03T00:00:00Z,3685,10.09,6,110,0.115,20.0,9.0,0.067,0.04,0.5,High,Low,Medium,Elite,Elite
sharkdp/bat,sharkdp,bat,48200,Rust,master,290,2018-05-18T00:00:00Z,3063,8.39,5,90,0.096,24.0,10.8,0.083,0.05,2.1,Medium,Low,Medium,Elite,High
sharkdp/fd,sharkdp,fd,34100,Rust,master,220,2017-10-21T00:00:00Z,3272,8.96,7,85,0.134,17.14,7.71,0.25,0.15,3.7,Medium,Low,Medium,High,High
cli/cli,cli,cli,37200,Go,trunk,450,2019-11-13T00:00:00Z,2519,6.9,22,480,0.422,5.45,2.45,0.067,0.04,14.9,High,Medium,High,Elite,High
gohugoio/hugo,gohugoio,hugo,75100,Go,master,1200,2013-07-04T00:00:00Z,4842,13.26,26,510,0.499,4.62,2.08,0.183,0.11,0.5,High,Medium,High,High,Elite
gin-gonic/gin,gin-gonic,gin,78200,Go,master,490,2014-06-18T00:00:00Z,4493,12.3,6,95,0.115,20.0,9.0,0.04,0.024,8.5,Medium,Low,Medium,Elite,High
moby/moby,moby,moby,69400,Go,master,2300,2013-01-18T00:00:00Z,5009,13.71,14,580,0.269,8.57,3.86,0.1,0.06,16.5,Medium,Medium,Medium,Elite,High
etcd-io/etcd,etcd-io,etcd,47200,Go,main,980,2013-08-09T00:00:00Z,4806,13.16,11,320,0.211,10.91,4.91,0.133,0.08,16.5,Medium,Low,Medium,Elite,High
traefik/traefik,traefik,traefik,50100,Go,master,850,2015-09-08T00:00:00Z,4046,11.08,19,410,0.364,6.32,2.84,0.04,0.024,8.5,High,Medium,High,Elite,High
caddyserver/caddy,caddyserver,caddy,56400,Go,master,420,2015-03-31T00:00:00Z,4207,11.52,12,190,0.23,10.0,4.5,0.183,0.11,10.1,Medium,Low,Medium,High,High
facebook/react,facebook,react,228000,JavaScript,main,1600,2013-05-24T00:00:00Z,4883,13.37,15,610,0.288,8.0,3.6,0.217,0.13,13.3,Medium,Medium,Medium,High,High
facebook/jest,facebook,jest,44300,TypeScript,main,1400,2013-12-10T00:00:00Z,4683,12.82,11,390,0.211,10.91,4.91,0.25,0.15,6.9,Medium,Low,Medium,High,High
facebook/docusaurus,facebook,docusaurus,56800,TypeScript,main,1250,2017-12-07T00:00:00Z,3225,8.83,24,530,0.46,5.0,2.25,0.05,0.03,2.1,High,Medium,High,Elite,High
vercel/next.js,vercel,next.js,126000,JavaScript,canary,3200,2016-10-05T00:00:00Z,3653,10.0,52,1450,0.997,2.31,1.04,0.217,0.13,6.9,High,Medium,High,High,High
tailwindlabs/tailwindcss,tailwindlabs,tailwindcss,82900,TypeScript,master,380,2017-10-31T00:00:00Z,3262,8.93,18,240,0.345,6.67,3.0,0.133,0.08,16.5,High,Medium,High,Elite,High
vitejs/vite,vitejs,vite,69200,TypeScript,main,1100,2020-04-20T00:00:00Z,2360,6.46,34,820,0.652,3.53,1.59,0.167,0.1,16.5,High,Medium,High,High,High
vuejs/core,vuejs,core,47900,TypeScript,main,510,2018-09-24T00:00:00Z,2934,8.03,28,640,0.537,4.29,1.93,0.183,0.11,5.3,High,Medium,High,High,High
denoland/deno,denoland,deno,94800,Rust,main,980,2018-05-18T00:00:00Z,3063,8.39,42,1100,0.806,2.86,1.29,0.133,0.08,16.5,High,Medium,High,Elite,High
chartjs/Chart.js,chartjs,Chart.js,63400,JavaScript,master,460,2013-03-17T00:00:00Z,4951,13.56,7,120,0.134,17.14,7.71,0.117,0.07,3.7,Medium,Low,Medium,Elite,High
axios/axios,axios,axios,105000,JavaScript,v1.x,420,2014-08-18T00:00:00Z,4432,12.13,10,180,0.192,12.0,5.4,0.133,0.08,10.1,Medium,Low,Medium,Elite,High
microsoft/playwright,microsoft,playwright,66900,TypeScript,main,580,2019-11-15T00:00:00Z,2517,6.89,25,720,0.479,4.8,2.16,0.083,0.05,3.7,High,Medium,High,Elite,High
microsoft/TypeScript,microsoft,TypeScript,99700,TypeScript,main,1100,2014-06-10T00:00:00Z,4501,12.32,16,840,0.307,7.5,3.38,0.2,0.12,16.5,Medium,Medium,Medium,High,High
microsoft/monaco-editor,microsoft,monaco-editor,38900,TypeScript,main,210,2016-06-14T00:00:00Z,3766,10.31,8,140,0.153,15.0,6.75,0.067,0.04,14.9,Medium,Low,Medium,Elite,High
spring-projects/spring-boot,spring-projects,spring-boot,74800,Java,main,1200,2012-10-19T00:00:00Z,5100,13.96,29,610,0.556,4.14,1.86,0.04,0.024,0.5,High,Medium,High,Elite,Elite
spring-projects/spring-framework,spring-projects,spring-framework,56900,Java,main,840,2010-12-08T00:00:00Z,5781,15.83,22,480,0.422,5.45,2.45,0.04,0.024,0.5,High,Medium,High,Elite,Elite
google/guava,google,guava,49800,Java,master,310,2014-05-29T00:00:00Z,4513,12.36,8,130,0.153,15.0,6.75,0.117,0.07,18.1,Medium,Low,Medium,Elite,High
apache/dubbo,apache,dubbo,40100,Java,3.3,510,2012-06-19T00:00:00Z,5222,14.3,14,290,0.269,8.57,3.86,0.233,0.14,5.3,Medium,Medium,Medium,High,High
square/okhttp,square,okhttp,45400,Kotlin,master,320,2012-03-01T00:00:00Z,5332,14.6,9,170,0.173,13.33,6.0,0.167,0.1,6.9,Medium,Low,Medium,High,High
square/retrofit,square,retrofit,42700,Kotlin,trunk,190,2010-09-07T00:00:00Z,5873,16.08,6,95,0.115,20.0,9.0,0.217,0.13,18.1,Medium,Low,Medium,High,High
airbnb/lottie-android,airbnb,lottie-android,34900,Kotlin,master,160,2017-01-30T00:00:00Z,3536,9.68,11,140,0.211,10.91,4.91,0.267,0.16,13.3,Medium,Low,Medium,High,High
reduxjs/redux,reduxjs,redux,60400,TypeScript,master,940,2015-05-29T00:00:00Z,4148,11.36,8,130,0.153,15.0,6.75,0.267,0.16,3.7,Medium,Low,Medium,High,High
prettier/prettier,prettier,prettier,49200,JavaScript,main,890,2017-01-09T00:00:00Z,3557,9.74,14,270,0.269,8.57,3.86,0.04,0.024,2.1,Medium,Medium,Medium,Elite,High
eslint/eslint,eslint,eslint,25100,JavaScript,main,1050,2013-06-12T00:00:00Z,4864,13.32,24,480,0.46,5.0,2.25,0.133,0.08,14.9,High,Medium,High,Elite,High
expressjs/express,expressjs,express,64800,JavaScript,master,330,2009-06-26T00:00:00Z,6311,17.28,7,110,0.134,17.14,7.71,0.217,0.13,14.9,Medium,Low,Medium,High,High
nodejs/node,nodejs,node,107000,JavaScript,main,3400,2014-11-26T00:00:00Z,4332,11.86,36,980,0.69,3.33,1.5,0.04,0.024,13.3,High,Medium,High,Elite,High
nestjs/nest,nestjs,nest,67300,TypeScript,master,540,2017-04-03T00:00:00Z,3473,9.51,19,360,0.364,6.32,2.84,0.233,0.14,10.1,High,Medium,High,High,High
prisma/prisma,prisma,prisma,39500,TypeScript,main,340,2019-10-23T00:00:00Z,2540,6.95,28,610,0.537,4.29,1.93,0.15,0.09,3.7,High,Medium,High,Elite,High
typeorm/typeorm,typeorm,typeorm,33400,TypeScript,master,820,2015-11-25T00:00:00Z,3968,10.86,9,160,0.173,13.33,6.0,0.2,0.12,3.7,Medium,Low,Medium,High,High
strapi/strapi,strapi,strapi,64200,JavaScript,main,980,2015-05-18T00:00:00Z,4159,11.39,32,590,0.614,3.75,1.69,0.133,0.08,16.5,High,Medium,High,Elite,High
grafana/grafana,grafana,grafana,62500,TypeScript,main,2400,2013-12-11T00:00:00Z,4682,12.82,44,1200,0.844,2.73,1.23,0.133,0.08,0.5,High,Medium,High,Elite,Elite
prometheus/prometheus,prometheus,prometheus,55800,Go,main,920,2012-11-24T00:00:00Z,5064,13.86,16,340,0.307,7.5,3.38,0.1,0.06,6.9,Medium,Medium,Medium,Elite,High
ansible/ansible,ansible,ansible,62100,Python,devel,2500,2012-02-24T00:00:00Z,5338,14.61,18,460,0.345,6.67,3.0,0.267,0.16,3.7,High,Medium,High,High,High
saltstack/salt,saltstack,salt,13900,Python,master,1900,2011-02-09T00:00:00Z,5718,15.66,8,220,0.153,15.0,6.75,0.183,0.11,3.7,Medium,Low,Medium,High,High
home-assistant/core,home-assistant,core,72400,Python,dev,3800,2013-09-17T00:00:00Z,4767,13.05,62,1780,1.189,1.94,0.87,0.233,0.14,6.9,High,High,High,High,High
celery/celery,celery,celery,24500,Python,master,850,2009-04-26T00:00:00Z,6372,17.45,7,150,0.134,17.14,7.71,0.05,0.03,8.5,Medium,Low,Medium,Elite,High
redis/redis-py,redis,redis-py,12800,Python,master,310,2010-06-18T00:00:00Z,5954,16.3,9,180,0.173,13.33,6.0,0.267,0.16,18.1,Medium,Low,Medium,High,High
urllib3/urllib3,urllib3,urllib3,3800,Python,main,270,2010-01-20T00:00:00Z,6103,16.71,8,160,0.153,15.0,6.75,0.15,0.09,5.3,Medium,Low,Medium,Elite,High
certifi/python-certifi,certifi,python-certifi,1200,Python,master,45,2012-10-31T00:00:00Z,5088,13.93,6,75,0.115,20.0,9.0,0.167,0.1,17.3,Medium,Low,Medium,High,High
pre-commit/pre-commit,pre-commit,pre-commit,12900,Python,main,240,2014-06-25T00:00:00Z,4486,12.28,12,210,0.23,10.0,4.5,0.233,0.14,0.5,Medium,Low,Medium,High,Elite
tox-dev/tox,tox-dev,tox,3400,Python,main,210,2011-09-05T00:00:00Z,5510,15.09,15,290,0.288,8.0,3.6,0.04,0.024,14.9,Medium,Medium,Medium,Elite,High
python-poetry/poetry,python-poetry,poetry,30200,Python,main,540,2018-02-27T00:00:00Z,3143,8.61,16,380,0.307,7.5,3.38,0.133,0.08,10.1,Medium,Medium,Medium,Elite,High
pypa/pip,pypa,pip,9800,Python,main,810,2011-03-04T00:00:00Z,5695,15.59,10,250,0.192,12.0,5.4,0.133,0.08,14.9,Medium,Low,Medium,Elite,High
pypa/setuptools,pypa,setuptools,2400,Python,main,380,2013-06-03T00:00:00Z,4873,13.34,24,420,0.46,5.0,2.25,0.05,0.03,16.5,High,Medium,High,Elite,High
pypa/flit,pypa,flit,2100,Python,main,95,2015-02-09T00:00:00Z,4257,11.66,5,65,0.096,24.0,10.8,0.15,0.09,18.9,Medium,Low,Medium,Elite,High
marshmallow-code/marshmallow,marshmallow-code,marshmallow,7100,Python,dev,190,2013-11-04T00:00:00Z,4719,12.92,8,110,0.153,15.0,6.75,0.183,0.11,18.1,Medium,Low,Medium,High,High
samuelcolvin/dirty-equals,samuelcolvin,dirty-equals,1600,Python,main,35,2022-02-03T00:00:00Z,1706,4.67,6,80,0.115,20.0,9.0,0.04,0.024,9.3,Medium,Low,Medium,Elite,High
pytest-dev/pytest-cov,pytest-dev,pytest-cov,1900,Python,master,90,2015-08-01T00:00:00Z,4084,11.18,5,70,0.096,24.0,10.8,0.217,0.13,14.9,Medium,Low,Medium,High,High
pytest-dev/pytest-asyncio,pytest-dev,pytest-asyncio,1500,Python,master,75,2015-09-12T00:00:00Z,4042,11.07,8,105,0.153,15.0,6.75,0.067,0.04,2.9,Medium,Low,Medium,Elite,High
pytest-dev/pytest-mock,pytest-dev,pytest-mock,2100,Python,main,65,2015-05-18T00:00:00Z,4159,11.39,6,85,0.115,20.0,9.0,0.15,0.09,14.1,Medium,Low,Medium,Elite,High
pallets/jinja,pallets,jinja,10200,Python,main,290,2010-04-10T00:00:00Z,6023,16.49,5,75,0.096,24.0,10.8,0.04,0.024,2.1,Medium,Low,Medium,Elite,High
pallets/werkzeug,pallets,werkzeug,6900,Python,main,340,2010-04-10T00:00:00Z,6023,16.49,6,90,0.115,20.0,9.0,0.25,0.15,3.7,Medium,Low,Medium,High,High
Textualize/rich,Textualize,rich,49100,Python,master,230,2019-11-10T00:00:00Z,2522,6.9,14,220,0.269,8.57,3.86,0.067,0.04,11.7,Medium,Medium,Medium,Elite,High
Textualize/textual,Textualize,textual,26800,Python,main,140,2021-06-12T00:00:00Z,1942,5.32,22,310,0.422,5.45,2.45,0.133,0.08,16.5,High,Medium,High,Elite,High
sqlalchemy/sqlalchemy,sqlalchemy,sqlalchemy,10800,Python,main,610,2011-09-14T00:00:00Z,5501,15.06,16,340,0.307,7.5,3.38,0.083,0.05,8.5,Medium,Medium,Medium,Elite,High
cherrypy/cherrypy,cherrypy,cherrypy,1900,Python,main,120,2010-02-18T00:00:00Z,6074,16.63,5,55,0.096,24.0,10.8,0.217,0.13,0.5,Medium,Low,Medium,High,Elite
networkx/networkx,networkx,networkx,14200,Python,main,640,2010-09-03T00:00:00Z,5877,16.09,6,115,0.115,20.0,9.0,0.083,0.05,13.3,Medium,Low,Medium,Elite,High
sympy/sympy,sympy,sympy,12400,Python,master,1300,2011-02-17T00:00:00Z,5710,15.63,5,180,0.096,24.0,10.8,0.117,0.07,3.7,Medium,Low,Medium,Elite,High
scipy/scipy,scipy,scipy,13200,Python,main,1500,2010-10-12T00:00:00Z,5838,15.98,8,320,0.153,15.0,6.75,0.133,0.08,10.1,Medium,Low,Medium,Elite,High
matplotlib/matplotlib,matplotlib,matplotlib,20400,Python,main,1400,2011-02-23T00:00:00Z,5704,15.62,9,360,0.173,13.33,6.0,0.04,0.024,6.9,Medium,Low,Medium,Elite,High
mwaskom/seaborn,mwaskom,seaborn,12200,Python,master,210,2012-10-23T00:00:00Z,5096,13.95,5,70,0.096,24.0,10.8,0.183,0.11,14.9,Medium,Low,Medium,High,High
statsmodels/statsmodels,statsmodels,statsmodels,10100,Python,main,480,2010-09-24T00:00:00Z,5856,16.03,5,95,0.096,24.0,10.8,0.04,0.024,0.5,High,Low,Medium,Elite,Elite
bokeh/bokeh,bokeh,bokeh,19600,Python,branch-3.5,580,2012-03-29T00:00:00Z,5304,14.52,7,140,0.134,17.14,7.71,0.267,0.16,3.7,Medium,Low,Medium,High,High
plotly/plotly.py,plotly,plotly.py,16400,Python,master,270,2013-11-20T00:00:00Z,4703,12.88,10,190,0.192,12.0,5.4,0.2,0.12,5.3,Medium,Low,Medium,High,High
dateutil/dateutil,dateutil,dateutil,2200,Python,master,140,2012-07-28T00:00:00Z,5183,14.19,5,60,0.096,24.0,10.8,0.117,0.07,16.5,Medium,Low,Medium,Elite,High
pytz/pytz,pytz,pytz,1100,Python,master,50,2012-03-24T00:00:00Z,5309,14.54,6,55,0.115,20.0,9.0,0.2,0.12,2.1,Medium,Low,Medium,High,High
urllib3/idna,urllib3,idna,1300,Python,master,40,2013-09-08T00:00:00Z,4776,13.08,5,50,0.096,24.0,10.8,0.133,0.08,13.3,Medium,Low,Medium,Elite,High
pyca/cryptography,pyca,cryptography,6200,Python,main,320,2013-12-09T00:00:00Z,4684,12.82,12,280,0.23,10.0,4.5,0.2,0.12,6.9,Medium,Low,Medium,High,High
pyca/bcrypt,pyca,bcrypt,1400,Python,main,60,2013-04-18T00:00:00Z,4919,13.47,5,75,0.096,24.0,10.8,0.1,0.06,10.1,Medium,Low,Medium,Elite,High
gorilla/mux,gorilla,mux,20800,Go,main,210,2012-03-01T00:00:00Z,5332,14.6,5,65,0.096,24.0,10.8,0.15,0.09,14.9,Medium,Low,Medium,Elite,High
spf13/cobra,spf13,cobra,38100,Go,main,340,2013-07-16T00:00:00Z,4830,13.22,7,115,0.134,17.14,7.71,0.05,0.03,3.7,Medium,Low,Medium,Elite,High
spf13/viper,spf13,viper,27900,Go,master,280,2014-06-25T00:00:00Z,4486,12.28,6,95,0.115,20.0,9.0,0.05,0.03,13.3,Medium,Low,Medium,Elite,High
alecthomas/chroma,alecthomas,chroma,5400,Go,master,120,2017-08-01T00:00:00Z,3353,9.18,8,110,0.153,15.0,6.75,0.183,0.11,0.5,Medium,Low,Medium,High,Elite
fatih/color,fatih,color,6400,Go,main,50,2013-11-20T00:00:00Z,4703,12.88,5,60,0.096,24.0,10.8,0.133,0.08,2.1,Medium,Low,Medium,Elite,High
