Trial_ID,Integrante,Kata,Tratamento,Horario_Inicio,Horario_Fim,Tempo_Decorrido_Min,Tempo_Final_Considerado,Status,Motivo_Interrupcao,Passou_Testes,Taxa_Sucesso_Testes,Dado_Censurado,Arquivo_Solucao_Original,Copia_Solucao,Metricas_JSON,Testes_JSON,Num_Falhas
maria_K01_ia_01,maria,K01,ia,2026-09-16 06:55:44,2026-09-16 07:04:11,8.45,8.45,SUCESSO,,True,100.0,False,C:\Users\maria\Downloads\LabExperimentacaoDeSoftware\Laboratorio02_TrialsIA\solucoes_das_Katas\kata01_maria_ia.py,C:\Users\maria\Downloads\LabExperimentacaoDeSoftware\Laboratorio02_TrialsIA\cronometro\resultados\maria_K01_ia_01\maria_K01_ia_01_solucao_final.py,C:\Users\maria\Downloads\LabExperimentacaoDeSoftware\Laboratorio02_TrialsIA\cronometro\resultados\maria_K01_ia_01\metricas.json,C:\Users\maria\Downloads\LabExperimentacaoDeSoftware\Laboratorio02_TrialsIA\cronometro\resultados\maria_K01_ia_01\testes.json,0
maria_K02_manual_01,maria,K02,manual,2026-09-16 07:19:11,2026-09-16 07:37:23,18.2,18.2,SUCESSO,,True,100.0,False,C:\Users\maria\Downloads\LabExperimentacaoDeSoftware\Laboratorio02_TrialsIA\solucoes_das_Katas\kata02_maria_manual.py,C:\Users\maria\Downloads\LabExperimentacaoDeSoftware\Laboratorio02_TrialsIA\cronometro\resultados\maria_K02_manual_01\maria_K02_manual_01_solucao_final.py,C:\Users\maria\Downloads\LabExperimentacaoDeSoftware\Laboratorio02_TrialsIA\cronometro\resultados\maria_K02_manual_01\metricas.json,C:\Users\maria\Downloads\LabExperimentacaoDeSoftware\Laboratorio02_TrialsIA\cronometro\resultados\maria_K02_manual_01\testes.json,0
maria_K03_ia_01,maria,K03,ia,2026-09-16 07:52:23,2026-09-16 07:58:53,6.5,6.5,SUCESSO,,True,100.0,False,C:\Users\maria\Downloads\LabExperimentacaoDeSoftware\Laboratorio02_TrialsIA\solucoes_das_Katas\kata03_maria_ia.py,C:\Users\maria\Downloads\LabExperimentacaoDeSoftware\Laboratorio02_TrialsIA\cronometro\resultados\maria_K03_ia_01\maria_K03_ia_01_solucao_final.py,C:\Users\maria\Downloads\LabExperimentacaoDeSoftware\Laboratorio02_TrialsIA\cronometro\resultados\maria_K03_ia_01\metricas.json,C:\Users\maria\Downloads\LabExperimentacaoDeSoftware\Laboratorio02_TrialsIA\cronometro\resultados\maria_K03_ia_01\testes.json,0
maria_K04_manual_01,maria,K04,manual,2026-09-16 08:13:53,2026-09-16 08:36:17,22.4,22.4,SUCESSO,,True,100.0,False,C:\Users\maria\Downloads\LabExperimentacaoDeSoftware\Laboratorio02_TrialsIA\solucoes_das_Katas\kata04_maria_manual.py,C:\Users\maria\Downloads\LabExperimentacaoDeSoftware\Laboratorio02_TrialsIA\cronometro\resultados\maria_K04_manual_01\maria_K04_manual_01_solucao_final.py,C:\Users\maria\Downloads\LabExperimentacaoDeSoftware\Laboratorio02_TrialsIA\cronometro\resultados\maria_K04_manual_01\metricas.json,C:\Users\maria\Downloads\LabExperimentacaoDeSoftware\Laboratorio02_TrialsIA\cronometro\resultados\maria_K04_manual_01\testes.json,0
maria_K05_ia_01,maria,K05,ia,2026-09-16 08:51:17,2026-09-16 09:00:26,9.15,9.15,SUCESSO,,True,100.0,False,C:\Users\maria\Downloads\LabExperimentacaoDeSoftware\Laboratorio02_TrialsIA\solucoes_das_Katas\kata05_maria_ia.py,C:\Users\maria\Downloads\LabExperimentacaoDeSoftware\Laboratorio02_TrialsIA\cronometro\resultados\maria_K05_ia_01\maria_K05_ia_01_solucao_final.py,C:\Users\maria\Downloads\LabExperimentacaoDeSoftware\Laboratorio02_TrialsIA\cronometro\resultados\maria_K05_ia_01\metricas.json,C:\Users\maria\Downloads\LabExperimentacaoDeSoftware\Laboratorio02_TrialsIA\cronometro\resultados\maria_K05_ia_01\testes.json,0
maria_K06_manual_01,maria,K06,manual,2026-09-16 09:15:26,2026-09-16 09:35:14,19.8,19.8,SUCESSO,,True,100.0,False,C:\Users\maria\Downloads\LabExperimentacaoDeSoftware\Laboratorio02_TrialsIA\solucoes_das_Katas\kata06_maria_manual.py,C:\Users\maria\Downloads\LabExperimentacaoDeSoftware\Laboratorio02_TrialsIA\cronometro\resultados\maria_K06_manual_01\maria_K06_manual_01_solucao_final.py,C:\Users\maria\Downloads\LabExperimentacaoDeSoftware\Laboratorio02_TrialsIA\cronometro\resultados\maria_K06_manual_01\metricas.json,C:\Users\maria\Downloads\LabExperimentacaoDeSoftware\Laboratorio02_TrialsIA\cronometro\resultados\maria_K06_manual_01\testes.json,0
aulus_K01_manual_01,aulus,K01,manual,2026-09-22 21:16:06,2026-09-22 21:24:33,8.45,8.45,SUCESSO,,True,100.0,False,C:\Users\maria\Downloads\LabExperimentacaoDeSoftware\Laboratorio02_TrialsIA\solucoes_das_Katas\kata01_aulus_manual.py,C:\Users\maria\Downloads\LabExperimentacaoDeSoftware\Laboratorio02_TrialsIA\cronometro\resultados\aulus_K01_manual_01\aulus_K01_manual_01_solucao_final.py,C:\Users\maria\Downloads\LabExperimentacaoDeSoftware\Laboratorio02_TrialsIA\cronometro\resultados\aulus_K01_manual_01\metricas.json,C:\Users\maria\Downloads\LabExperimentacaoDeSoftware\Laboratorio02_TrialsIA\cronometro\resultados\aulus_K01_manual_01\testes.json,0
aulus_K02_ia_01,aulus,K02,ia,2026-09-22 21:39:33,2026-09-22 21:46:03,6.5,6.5,SUCESSO,,True,100.0,False,C:\Users\maria\Downloads\LabExperimentacaoDeSoftware\Laboratorio02_TrialsIA\solucoes_das_Katas\kata02_aulus_ia.py,C:\Users\maria\Downloads\LabExperimentacaoDeSoftware\Laboratorio02_TrialsIA\cronometro\resultados\aulus_K02_ia_01\aulus_K02_ia_01_solucao_final.py,C:\Users\maria\Downloads\LabExperimentacaoDeSoftware\Laboratorio02_TrialsIA\cronometro\resultados\aulus_K02_ia_01\metricas.json,C:\Users\maria\Downloads\LabExperimentacaoDeSoftware\Laboratorio02_TrialsIA\cronometro\resultados\aulus_K02_ia_01\testes.json,0
aulus_K03_manual_01,aulus,K03,manual,2026-09-22 22:01:03,2026-09-22 22:13:21,12.3,12.3,SUCESSO,,False,80.0,False,C:\Users\maria\Downloads\LabExperimentacaoDeSoftware\Laboratorio02_TrialsIA\solucoes_das_Katas\kata03_aulus_manual.py,C:\Users\maria\Downloads\LabExperimentacaoDeSoftware\Laboratorio02_TrialsIA\cronometro\resultados\aulus_K03_manual_01\aulus_K03_manual_01_solucao_final.py,C:\Users\maria\Downloads\LabExperimentacaoDeSoftware\Laboratorio02_TrialsIA\cronometro\resultados\aulus_K03_manual_01\metricas.json,C:\Users\maria\Downloads\LabExperimentacaoDeSoftware\Laboratorio02_TrialsIA\cronometro\resultados\aulus_K03_manual_01\testes.json,2
aulus_K04_ia_01,aulus,K04,ia,2026-09-17 10:00:00,2026-09-17 10:20:00,20.0,20.0,SUCESSO,,True,100.0,False,C:\Users\aulus\Downloads\LabExperimentacaoDeSoftware\Laboratorio02_TrialsIA\solucoes_das_Katas\kata04_aulus_ia.py,C:\Users\aulus\Downloads\LabExperimentacaoDeSoftware\Laboratorio02_TrialsIA\cronometro\resultados\aulus_K04_ia_01\aulus_K04_ia_01_solucao_final.py,C:\Users\aulus\Downloads\LabExperimentacaoDeSoftware\Laboratorio02_TrialsIA\cronometro\resultados\aulus_K04_ia_01\metricas.json,C:\Users\aulus\Downloads\LabExperimentacaoDeSoftware\Laboratorio02_TrialsIA\cronometro\resultados\aulus_K04_ia_01\testes.json,0
aulus_K05_manual_01,aulus,K05,manual,2026-09-22 22:28:21,2026-09-22 22:37:30,9.15,9.15,SUCESSO,,True,100.0,False,C:\Users\maria\Downloads\LabExperimentacaoDeSoftware\Laboratorio02_TrialsIA\solucoes_das_Katas\kata05_aulus_manual.py,C:\Users\maria\Downloads\LabExperimentacaoDeSoftware\Laboratorio02_TrialsIA\cronometro\resultados\aulus_K05_manual_01\aulus_K05_manual_01_solucao_final.py,C:\Users\maria\Downloads\LabExperimentacaoDeSoftware\Laboratorio02_TrialsIA\cronometro\resultados\aulus_K05_manual_01\metricas.json,C:\Users\maria\Downloads\LabExperimentacaoDeSoftware\Laboratorio02_TrialsIA\cronometro\resultados\aulus_K05_manual_01\testes.json,0
aulus_K06_ia_01,aulus,K06,ia,2026-09-22 22:52:30,2026-09-22 23:12:18,19.8,19.8,SUCESSO,,True,100.0,False,C:\Users\maria\Downloads\LabExperimentacaoDeSoftware\Laboratorio02_TrialsIA\solucoes_das_Katas\kata06_aulus_ia.py,C:\Users\maria\Downloads\LabExperimentacaoDeSoftware\Laboratorio02_TrialsIA\cronometro\resultados\aulus_K06_ia_01\aulus_K06_ia_01_solucao_final.py,C:\Users\maria\Downloads\LabExperimentacaoDeSoftware\Laboratorio02_TrialsIA\cronometro\resultados\aulus_K06_ia_01\metricas.json,C:\Users\maria\Downloads\LabExperimentacaoDeSoftware\Laboratorio02_TrialsIA\cronometro\resultados\aulus_K06_ia_01\testes.json,0
vinicius_K01_manual_01,vinicius,K01,manual,2026-09-22 21:16:57,2026-09-22 21:25:24,8.45,8.45,SUCESSO,,False,80.0,False,C:\Users\maria\Downloads\LabExperimentacaoDeSoftware\Laboratorio02_TrialsIA\solucoes_das_Katas\kata01_vinicius_manual.py,C:\Users\maria\Downloads\LabExperimentacaoDeSoftware\Laboratorio02_TrialsIA\cronometro\resultados\vinicius_K01_manual_01\vinicius_K01_manual_01_solucao_final.py,C:\Users\maria\Downloads\LabExperimentacaoDeSoftware\Laboratorio02_TrialsIA\cronometro\resultados\vinicius_K01_manual_01\metricas.json,C:\Users\maria\Downloads\LabExperimentacaoDeSoftware\Laboratorio02_TrialsIA\cronometro\resultados\vinicius_K01_manual_01\testes.json,2
vinicius_K02_manual_01,vinicius,K02,manual,2026-09-22 21:40:24,2026-09-22 21:58:36,18.2,18.2,SUCESSO,,True,100.0,False,C:\Users\maria\Downloads\LabExperimentacaoDeSoftware\Laboratorio02_TrialsIA\solucoes_das_Katas\kata02_vinicius_manual.py,C:\Users\maria\Downloads\LabExperimentacaoDeSoftware\Laboratorio02_TrialsIA\cronometro\resultados\vinicius_K02_manual_01\vinicius_K02_manual_01_solucao_final.py,C:\Users\maria\Downloads\LabExperimentacaoDeSoftware\Laboratorio02_TrialsIA\cronometro\resultados\vinicius_K02_manual_01\metricas.json,C:\Users\maria\Downloads\LabExperimentacaoDeSoftware\Laboratorio02_TrialsIA\cronometro\resultados\vinicius_K02_manual_01\testes.json,0
vinicius_K03_ia_01,vinicius,K03,ia,2026-09-22 22:13:36,2026-09-22 22:20:06,6.5,6.5,SUCESSO,,False,80.0,False,C:\Users\maria\Downloads\LabExperimentacaoDeSoftware\Laboratorio02_TrialsIA\solucoes_das_Katas\kata03_gemini_ia.py,C:\Users\maria\Downloads\LabExperimentacaoDeSoftware\Laboratorio02_TrialsIA\cronometro\resultados\vinicius_K03_ia_01\vinicius_K03_ia_01_solucao_final.py,C:\Users\maria\Downloads\LabExperimentacaoDeSoftware\Laboratorio02_TrialsIA\cronometro\resultados\vinicius_K03_ia_01\metricas.json,C:\Users\maria\Downloads\LabExperimentacaoDeSoftware\Laboratorio02_TrialsIA\cronometro\resultados\vinicius_K03_ia_01\testes.json,2
vinicius_K04_ia_01,vinicius,K04,ia,2026-09-22 22:35:06,2026-09-22 22:57:30,22.4,22.4,SUCESSO,,False,10.0,False,C:\Users\maria\Downloads\LabExperimentacaoDeSoftware\Laboratorio02_TrialsIA\solucoes_das_Katas\kata04_gemini_ia.py,C:\Users\maria\Downloads\LabExperimentacaoDeSoftware\Laboratorio02_TrialsIA\cronometro\resultados\vinicius_K04_ia_01\vinicius_K04_ia_01_solucao_final.py,C:\Users\maria\Downloads\LabExperimentacaoDeSoftware\Laboratorio02_TrialsIA\cronometro\resultados\vinicius_K04_ia_01\metricas.json,C:\Users\maria\Downloads\LabExperimentacaoDeSoftware\Laboratorio02_TrialsIA\cronometro\resultados\vinicius_K04_ia_01\testes.json,9
vinicius_K05_ia_01,vinicius,K05,ia,2026-09-22 23:12:30,2026-09-22 23:21:39,9.15,9.15,SUCESSO,,False,0.0,False,C:\Users\maria\Downloads\LabExperimentacaoDeSoftware\Laboratorio02_TrialsIA\solucoes_das_Katas\kata05_gemini_ia.py,C:\Users\maria\Downloads\LabExperimentacaoDeSoftware\Laboratorio02_TrialsIA\cronometro\resultados\vinicius_K05_ia_01\vinicius_K05_ia_01_solucao_final.py,C:\Users\maria\Downloads\LabExperimentacaoDeSoftware\Laboratorio02_TrialsIA\cronometro\resultados\vinicius_K05_ia_01\metricas.json,C:\Users\maria\Downloads\LabExperimentacaoDeSoftware\Laboratorio02_TrialsIA\cronometro\resultados\vinicius_K05_ia_01\testes.json,11
vinicius_K06_manual_01,vinicius,K06,manual,2026-09-22 23:36:39,2026-09-22 23:56:27,19.8,19.8,SUCESSO,,False,0.0,False,C:\Users\maria\Downloads\LabExperimentacaoDeSoftware\Laboratorio02_TrialsIA\solucoes_das_Katas\kata06_vinicius_manual.py,C:\Users\maria\Downloads\LabExperimentacaoDeSoftware\Laboratorio02_TrialsIA\cronometro\resultados\vinicius_K06_manual_01\vinicius_K06_manual_01_solucao_final.py,C:\Users\maria\Downloads\LabExperimentacaoDeSoftware\Laboratorio02_TrialsIA\cronometro\resultados\vinicius_K06_manual_01\metricas.json,C:\Users\maria\Downloads\LabExperimentacaoDeSoftware\Laboratorio02_TrialsIA\cronometro\resultados\vinicius_K06_manual_01\testes.json,10
